t_unix,date_utc,yes_price
1755302406,2025-08-16 00:00,0.545
1755303003,2025-08-16 00:10,0.54
1755303604,2025-08-16 00:20,0.54
1755304208,2025-08-16 00:30,0.545
1755304804,2025-08-16 00:40,0.545
1755305407,2025-08-16 00:50,0.545
1755306004,2025-08-16 01:00,0.545
1755306604,2025-08-16 01:10,0.55
1755307206,2025-08-16 01:20,0.55
1755307810,2025-08-16 01:30,0.55
1755308408,2025-08-16 01:40,0.555
1755309009,2025-08-16 01:50,0.555
1755309602,2025-08-16 02:00,0.55
1755310202,2025-08-16 02:10,0.505
1755310806,2025-08-16 02:20,0.51
1755311404,2025-08-16 02:30,0.51
1755312011,2025-08-16 02:40,0.51
1755312602,2025-08-16 02:50,0.515
1755313207,2025-08-16 03:00,0.515
1755313802,2025-08-16 03:10,0.51
1755314403,2025-08-16 03:20,0.51
1755315002,2025-08-16 03:30,0.515
1755315603,2025-08-16 03:40,0.515
1755316202,2025-08-16 03:50,0.515
1755316814,2025-08-16 04:00,0.52
1755317412,2025-08-16 04:10,0.52
1755318008,2025-08-16 04:20,0.52
1755318616,2025-08-16 04:30,0.52
1755319213,2025-08-16 04:40,0.525
1755319814,2025-08-16 04:50,0.525
1755320415,2025-08-16 05:00,0.52
1755321004,2025-08-16 05:10,0.525
1755321611,2025-08-16 05:20,0.525
1755322207,2025-08-16 05:30,0.525
1755322812,2025-08-16 05:40,0.53
1755323405,2025-08-16 05:50,0.53
1755324007,2025-08-16 06:00,0.53
1755324605,2025-08-16 06:10,0.53
1755325210,2025-08-16 06:20,0.535
1755325807,2025-08-16 06:30,0.535
1755326404,2025-08-16 06:40,0.535
1755327003,2025-08-16 06:50,0.54
1755327604,2025-08-16 07:00,0.54
1755328208,2025-08-16 07:10,0.54
1755328811,2025-08-16 07:20,0.545
1755329410,2025-08-16 07:30,0.545
1755330003,2025-08-16 07:40,0.54
1755330602,2025-08-16 07:50,0.54
1755331207,2025-08-16 08:00,0.545
1755331804,2025-08-16 08:10,0.545
1755332413,2025-08-16 08:20,0.54
1755333011,2025-08-16 08:30,0.545
1755333609,2025-08-16 08:40,0.545
1755334203,2025-08-16 08:50,0.545
1755334803,2025-08-16 09:00,0.55
1755335410,2025-08-16 09:10,0.55
1755336003,2025-08-16 09:20,0.55
1755336606,2025-08-16 09:30,0.555
1755337203,2025-08-16 09:40,0.555
1755337802,2025-08-16 09:50,0.51
1755338407,2025-08-16 10:00,0.51
1755339003,2025-08-16 10:10,0.515
1755339604,2025-08-16 10:20,0.515
1755340205,2025-08-16 10:30,0.515
1755340808,2025-08-16 10:40,0.52
1755341407,2025-08-16 10:50,0.52
1755342012,2025-08-16 11:00,0.515
1755342604,2025-08-16 11:10,0.52
1755343203,2025-08-16 11:20,0.52
1755343806,2025-08-16 11:30,0.515
1755344402,2025-08-16 11:40,0.52
1755345004,2025-08-16 11:50,0.52
1755345613,2025-08-16 12:00,0.52
1755346203,2025-08-16 12:10,0.515
1755346802,2025-08-16 12:20,0.52
1755347406,2025-08-16 12:30,0.52
1755348003,2025-08-16 12:40,0.52
1755348603,2025-08-16 12:50,0.525
1755349210,2025-08-16 13:00,0.525
1755349802,2025-08-16 13:10,0.525
1755350413,2025-08-16 13:20,0.53
1755351005,2025-08-16 13:30,0.53
1755351602,2025-08-16 13:40,0.53
1755352207,2025-08-16 13:50,0.53
1755352816,2025-08-16 14:00,0.535
1755353403,2025-08-16 14:10,0.535
1755354002,2025-08-16 14:20,0.535
1755354605,2025-08-16 14:30,0.54
1755355212,2025-08-16 14:40,0.565
1755355813,2025-08-16 14:50,0.53
1755356416,2025-08-16 15:00,0.525
1755357005,2025-08-16 15:10,0.535
1755357610,2025-08-16 15:20,0.53
1755358207,2025-08-16 15:30,0.525
1755358814,2025-08-16 15:40,0.53
1755359404,2025-08-16 15:50,0.53
1755360004,2025-08-16 16:00,0.525
1755360612,2025-08-16 16:10,0.525
1755361208,2025-08-16 16:20,0.53
1755361815,2025-08-16 16:30,0.53
1755362407,2025-08-16 16:40,0.525
1755363003,2025-08-16 16:50,0.525
1755363611,2025-08-16 17:00,0.53
1755364213,2025-08-16 17:10,0.53
1755364803,2025-08-16 17:20,0.525
1755365403,2025-08-16 17:30,0.53
1755366003,2025-08-16 17:40,0.53
1755366609,2025-08-16 17:50,0.525
1755367212,2025-08-16 18:00,0.525
1755367802,2025-08-16 18:10,0.53
1755368407,2025-08-16 18:20,0.53
1755369009,2025-08-16 18:30,0.525
1755369609,2025-08-16 18:40,0.53
1755370204,2025-08-16 18:50,0.53
1755370802,2025-08-16 19:00,0.53
1755371402,2025-08-16 19:10,0.525
1755372003,2025-08-16 19:20,0.53
1755372605,2025-08-16 19:30,0.53
1755373204,2025-08-16 19:40,0.525
1755373813,2025-08-16 19:50,0.53
1755374404,2025-08-16 20:00,0.535
1755375002,2025-08-16 20:10,0.535
1755375602,2025-08-16 20:20,0.525
1755376203,2025-08-16 20:30,0.525
1755376803,2025-08-16 20:40,0.53
1755377402,2025-08-16 20:50,0.53
1755378014,2025-08-16 21:00,0.525
1755378610,2025-08-16 21:10,0.525
1755379213,2025-08-16 21:20,0.53
1755379817,2025-08-16 21:30,0.53
1755380414,2025-08-16 21:40,0.525
1755381005,2025-08-16 21:50,0.53
1755381611,2025-08-16 22:00,0.53
1755382202,2025-08-16 22:10,0.525
1755382811,2025-08-16 22:20,0.525
1755383404,2025-08-16 22:30,0.53
1755384003,2025-08-16 22:40,0.53
1755384604,2025-08-16 22:50,0.525
1755385202,2025-08-16 23:00,0.525
1755385803,2025-08-16 23:10,0.53
1755386402,2025-08-16 23:20,0.53
1755387008,2025-08-16 23:30,0.525
1755387614,2025-08-16 23:40,0.525
1755388203,2025-08-16 23:50,0.53
1755388812,2025-08-17 00:00,0.53
1755389407,2025-08-17 00:10,0.525
1755390004,2025-08-17 00:20,0.525
1755390610,2025-08-17 00:30,0.53
1755391209,2025-08-17 00:40,0.53
1755391808,2025-08-17 00:50,0.525
1755392407,2025-08-17 01:00,0.525
1755393003,2025-08-17 01:10,0.53
1755393612,2025-08-17 01:20,0.53
1755394214,2025-08-17 01:30,0.525
1755394812,2025-08-17 01:40,0.53
1755395402,2025-08-17 01:50,0.53
1755396004,2025-08-17 02:00,0.525
1755396602,2025-08-17 02:10,0.525
1755397211,2025-08-17 02:20,0.53
1755397810,2025-08-17 02:30,0.53
1755398413,2025-08-17 02:40,0.525
1755399002,2025-08-17 02:50,0.525
1755399608,2025-08-17 03:00,0.53
1755400207,2025-08-17 03:10,0.53
1755400809,2025-08-17 03:20,0.525
1755401411,2025-08-17 03:30,0.53
1755402007,2025-08-17 03:40,0.53
1755402608,2025-08-17 03:50,0.525
1755403205,2025-08-17 04:00,0.525
1755403803,2025-08-17 04:10,0.53
1755404409,2025-08-17 04:20,0.53
1755405017,2025-08-17 04:30,0.525
1755405604,2025-08-17 04:40,0.525
1755406213,2025-08-17 04:50,0.53
1755406812,2025-08-17 05:00,0.53
1755407408,2025-08-17 05:10,0.525
1755408002,2025-08-17 05:20,0.53
1755408604,2025-08-17 05:30,0.53
1755409203,2025-08-17 05:40,0.525
1755409803,2025-08-17 05:50,0.525
1755410404,2025-08-17 06:00,0.53
1755411010,2025-08-17 06:10,0.53
1755411602,2025-08-17 06:20,0.525
1755412207,2025-08-17 06:30,0.53
1755412804,2025-08-17 06:40,0.53
1755413405,2025-08-17 06:50,0.525
1755414002,2025-08-17 07:00,0.525
1755414604,2025-08-17 07:10,0.53
1755415202,2025-08-17 07:20,0.53
1755415802,2025-08-17 07:30,0.525
1755416402,2025-08-17 07:40,0.53
1755417004,2025-08-17 07:50,0.53
1755417610,2025-08-17 08:00,0.525
1755418202,2025-08-17 08:10,0.525
1755418803,2025-08-17 08:20,0.53
1755419405,2025-08-17 08:30,0.53
1755420003,2025-08-17 08:40,0.525
1755420603,2025-08-17 08:50,0.525
1755421209,2025-08-17 09:00,0.53
1755421812,2025-08-17 09:10,0.53
1755422416,2025-08-17 09:20,0.525
1755423008,2025-08-17 09:30,0.53
1755423604,2025-08-17 09:40,0.53
1755424213,2025-08-17 09:50,0.525
1755424804,2025-08-17 10:00,0.525
1755425410,2025-08-17 10:10,0.53
1755426009,2025-08-17 10:20,0.53
1755426602,2025-08-17 10:30,0.525
1755427204,2025-08-17 10:40,0.53
1755427804,2025-08-17 10:50,0.53
1755428410,2025-08-17 11:00,0.525
1755429009,2025-08-17 11:10,0.525
1755429610,2025-08-17 11:20,0.53
1755430203,2025-08-17 11:30,0.53
1755430807,2025-08-17 11:40,0.525
1755431408,2025-08-17 11:50,0.53
1755432006,2025-08-17 12:00,0.53
1755432602,2025-08-17 12:10,0.525
1755433207,2025-08-17 12:20,0.525
1755433807,2025-08-17 12:30,0.53
1755434409,2025-08-17 12:40,0.53
1755435008,2025-08-17 12:50,0.525
1755435609,2025-08-17 13:00,0.525
1755436203,2025-08-17 13:10,0.525
1755436808,2025-08-17 13:20,0.53
1755437406,2025-08-17 13:30,0.53
1755438005,2025-08-17 13:40,0.53
1755438610,2025-08-17 13:50,0.53
1755439214,2025-08-17 14:00,0.525
1755439809,2025-08-17 14:10,0.525
1755440407,2025-08-17 14:20,0.525
1755441002,2025-08-17 14:30,0.52
1755441603,2025-08-17 14:40,0.525
1755442214,2025-08-17 14:50,0.53
1755442815,2025-08-17 15:00,0.52
1755443402,2025-08-17 15:10,0.515
1755444003,2025-08-17 15:20,0.515
1755444605,2025-08-17 15:30,0.515
1755445211,2025-08-17 15:40,0.515
1755445802,2025-08-17 15:50,0.49
1755446408,2025-08-17 16:00,0.485
1755447005,2025-08-17 16:10,0.525
1755447611,2025-08-17 16:20,0.52
1755448204,2025-08-17 16:30,0.515
1755448808,2025-08-17 16:40,0.52
1755449411,2025-08-17 16:50,0.52
1755450005,2025-08-17 17:00,0.52
1755450610,2025-08-17 17:10,0.515
1755451204,2025-08-17 17:20,0.51
1755451807,2025-08-17 17:30,0.505
1755452412,2025-08-17 17:40,0.505
1755453003,2025-08-17 17:50,0.505
1755453614,2025-08-17 18:00,0.5
1755454205,2025-08-17 18:10,0.5
1755454808,2025-08-17 18:20,0.5
1755455406,2025-08-17 18:30,0.49
1755456005,2025-08-17 18:40,0.52
1755456602,2025-08-17 18:50,0.52
1755457214,2025-08-17 19:00,0.52
1755457812,2025-08-17 19:10,0.52
1755458410,2025-08-17 19:20,0.52
1755459002,2025-08-17 19:30,0.52
1755459606,2025-08-17 19:40,0.52
1755460207,2025-08-17 19:50,0.52
1755460813,2025-08-17 20:00,0.52
1755461413,2025-08-17 20:10,0.52
1755462008,2025-08-17 20:20,0.52
1755462604,2025-08-17 20:30,0.52
1755463204,2025-08-17 20:40,0.525
1755463802,2025-08-17 20:50,0.525
1755464405,2025-08-17 21:00,0.525
1755465012,2025-08-17 21:10,0.52
1755465614,2025-08-17 21:20,0.51
1755466204,2025-08-17 21:30,0.51
1755466813,2025-08-17 21:40,0.51
1755467411,2025-08-17 21:50,0.505
1755468004,2025-08-17 22:00,0.5
1755468601,2025-08-17 22:10,0.535
1755469207,2025-08-17 22:20,0.53
1755469814,2025-08-17 22:30,0.54
1755470405,2025-08-17 22:40,0.535
1755471002,2025-08-17 22:50,0.53
1755471609,2025-08-17 23:00,0.53
1755472211,2025-08-17 23:10,0.54
1755472803,2025-08-17 23:20,0.535
1755473411,2025-08-17 23:30,0.53
1755474010,2025-08-17 23:40,0.525
1755474606,2025-08-17 23:50,0.525
1755475207,2025-08-18 00:00,0.52
1755475805,2025-08-18 00:10,0.515
1755476406,2025-08-18 00:20,0.51
1755477008,2025-08-18 00:30,0.505
1755477605,2025-08-18 00:40,0.5
1755478202,2025-08-18 00:50,0.495
1755478803,2025-08-18 01:00,0.495
1755479407,2025-08-18 01:10,0.49
1755480007,2025-08-18 01:20,0.485
1755480608,2025-08-18 01:30,0.48
1755481208,2025-08-18 01:40,0.475
1755481806,2025-08-18 01:50,0.47
1755482411,2025-08-18 02:00,0.465
1755483003,2025-08-18 02:10,0.46
1755483603,2025-08-18 02:20,0.455
1755484205,2025-08-18 02:30,0.45
1755484804,2025-08-18 02:40,0.45
1755485404,2025-08-18 02:50,0.445
1755486015,2025-08-18 03:00,0.54
1755486606,2025-08-18 03:10,0.535
1755487209,2025-08-18 03:20,0.53
1755487813,2025-08-18 03:30,0.525
1755488404,2025-08-18 03:40,0.52
1755489003,2025-08-18 03:50,0.515
1755489606,2025-08-18 04:00,0.51
1755490204,2025-08-18 04:10,0.505
1755490811,2025-08-18 04:20,0.5
1755491414,2025-08-18 04:30,0.495
1755492002,2025-08-18 04:40,0.49
1755492604,2025-08-18 04:50,0.485
1755493212,2025-08-18 05:00,0.48
1755493806,2025-08-18 05:10,0.475
1755494408,2025-08-18 05:20,0.47
1755495010,2025-08-18 05:30,0.465
1755495603,2025-08-18 05:40,0.465
1755496208,2025-08-18 05:50,0.46
1755496807,2025-08-18 06:00,0.455
1755497411,2025-08-18 06:10,0.45
1755498009,2025-08-18 06:20,0.445
1755498604,2025-08-18 06:30,0.545
1755499204,2025-08-18 06:40,0.54
1755499804,2025-08-18 06:50,0.535
1755500406,2025-08-18 07:00,0.4
1755501006,2025-08-18 07:10,0.4
1755501603,2025-08-18 07:20,0.395
1755502211,2025-08-18 07:30,0.41
1755502811,2025-08-18 07:40,0.41
1755503411,2025-08-18 07:50,0.41
1755504006,2025-08-18 08:00,0.405
1755504608,2025-08-18 08:10,0.41
1755505204,2025-08-18 08:20,0.415
1755505802,2025-08-18 08:30,0.41
1755506403,2025-08-18 08:40,0.415
1755507003,2025-08-18 08:50,0.415
1755507611,2025-08-18 09:00,0.41
1755508203,2025-08-18 09:10,0.415
1755508808,2025-08-18 09:20,0.415
1755509408,2025-08-18 09:30,0.415
1755510003,2025-08-18 09:40,0.415
1755510604,2025-08-18 09:50,0.415
1755511206,2025-08-18 10:00,0.415
1755511813,2025-08-18 10:10,0.415
1755512404,2025-08-18 10:20,0.415
1755513011,2025-08-18 10:30,0.415
1755513610,2025-08-18 10:40,0.415
1755514212,2025-08-18 10:50,0.415
1755514808,2025-08-18 11:00,0.415
1755515404,2025-08-18 11:10,0.41
1755516011,2025-08-18 11:20,0.405
1755516611,2025-08-18 11:30,0.405
1755517206,2025-08-18 11:40,0.4
1755517812,2025-08-18 11:50,0.4
1755518414,2025-08-18 12:00,0.395
1755519010,2025-08-18 12:10,0.41
1755519602,2025-08-18 12:20,0.405
1755520214,2025-08-18 12:30,0.345
1755520805,2025-08-18 12:40,0.34
1755521410,2025-08-18 12:50,0.345
1755522008,2025-08-18 13:00,0.345
1755522603,2025-08-18 13:10,0.345
1755523206,2025-08-18 13:20,0.345
1755523805,2025-08-18 13:30,0.345
1755524408,2025-08-18 13:40,0.34
1755525012,2025-08-18 13:50,0.35
1755525608,2025-08-18 14:00,0.345
1755526202,2025-08-18 14:10,0.325
1755526805,2025-08-18 14:20,0.345
1755527408,2025-08-18 14:30,0.345
1755528006,2025-08-18 14:40,0.35
1755528604,2025-08-18 14:50,0.345
1755529212,2025-08-18 15:00,0.315
1755529802,2025-08-18 15:10,0.34
1755530402,2025-08-18 15:20,0.345
1755531006,2025-08-18 15:30,0.35
1755531607,2025-08-18 15:40,0.305
1755532203,2025-08-18 15:50,0.345
1755532802,2025-08-18 16:00,0.345
1755533407,2025-08-18 16:10,0.34
1755534010,2025-08-18 16:20,0.345
1755534612,2025-08-18 16:30,0.345
1755535214,2025-08-18 16:40,0.345
1755535804,2025-08-18 16:50,0.35
1755536415,2025-08-18 17:00,0.345
1755537004,2025-08-18 17:10,0.345
1755537612,2025-08-18 17:20,0.345
1755538203,2025-08-18 17:30,0.345
1755538806,2025-08-18 17:40,0.345
1755539403,2025-08-18 17:50,0.35
1755540014,2025-08-18 18:00,0.35
1755540609,2025-08-18 18:10,0.35
1755541215,2025-08-18 18:20,0.35
1755541804,2025-08-18 18:30,0.35
1755542413,2025-08-18 18:40,0.35
1755543012,2025-08-18 18:50,0.335
1755543611,2025-08-18 19:00,0.34
1755544207,2025-08-18 19:10,0.34
1755544802,2025-08-18 19:20,0.35
1755545409,2025-08-18 19:30,0.34
1755546002,2025-08-18 19:40,0.34
1755546606,2025-08-18 19:50,0.34
1755547215,2025-08-18 20:00,0.35
1755547812,2025-08-18 20:10,0.345
1755548403,2025-08-18 20:20,0.345
1755549004,2025-08-18 20:30,0.35
1755549603,2025-08-18 20:40,0.345
1755550202,2025-08-18 20:50,0.34
1755550815,2025-08-18 21:00,0.335
1755551403,2025-08-18 21:10,0.345
1755552003,2025-08-18 21:20,0.34
1755552604,2025-08-18 21:30,0.33
1755553203,2025-08-18 21:40,0.345
1755553802,2025-08-18 21:50,0.345
1755554412,2025-08-18 22:00,0.35
1755555002,2025-08-18 22:10,0.345
1755555603,2025-08-18 22:20,0.325
1755556203,2025-08-18 22:30,0.32
1755556802,2025-08-18 22:40,0.325
1755557404,2025-08-18 22:50,0.325
1755558012,2025-08-18 23:00,0.345
1755558615,2025-08-18 23:10,0.325
1755559204,2025-08-18 23:20,0.33
1755559805,2025-08-18 23:30,0.33
1755560410,2025-08-18 23:40,0.33
1755561004,2025-08-18 23:50,0.35
1755561607,2025-08-19 00:00,0.35
1755562202,2025-08-19 00:10,0.355
1755562808,2025-08-19 00:20,0.355
1755563410,2025-08-19 00:30,0.35
1755564003,2025-08-19 00:40,0.355
1755564606,2025-08-19 00:50,0.36
1755565202,2025-08-19 01:00,0.36
1755565804,2025-08-19 01:10,0.35
1755566405,2025-08-19 01:20,0.36
1755567010,2025-08-19 01:30,0.365
1755567603,2025-08-19 01:40,0.365
1755568205,2025-08-19 01:50,0.365
1755568813,2025-08-19 02:00,0.35
1755569408,2025-08-19 02:10,0.365
1755570004,2025-08-19 02:20,0.37
1755570609,2025-08-19 02:30,0.37
1755571211,2025-08-19 02:40,0.35
1755571812,2025-08-19 02:50,0.37
1755572418,2025-08-19 03:00,0.375
1755573003,2025-08-19 03:10,0.375
1755573603,2025-08-19 03:20,0.35
1755574202,2025-08-19 03:30,0.35
1755574802,2025-08-19 03:40,0.355
1755575404,2025-08-19 03:50,0.355
1755576003,2025-08-19 04:00,0.35
1755576609,2025-08-19 04:10,0.355
1755577212,2025-08-19 04:20,0.36
1755577813,2025-08-19 04:30,0.36
1755578404,2025-08-19 04:40,0.35
1755579012,2025-08-19 04:50,0.36
1755579607,2025-08-19 05:00,0.365
1755580211,2025-08-19 05:10,0.365
1755580813,2025-08-19 05:20,0.35
1755581406,2025-08-19 05:30,0.365
1755582011,2025-08-19 05:40,0.37
1755582610,2025-08-19 05:50,0.37
1755583209,2025-08-19 06:00,0.37
1755583802,2025-08-19 06:10,0.37
1755584404,2025-08-19 06:20,0.375
1755585005,2025-08-19 06:30,0.375
1755585604,2025-08-19 06:40,0.37
1755586203,2025-08-19 06:50,0.375
1755586802,2025-08-19 07:00,0.38
1755587409,2025-08-19 07:10,0.38
1755588010,2025-08-19 07:20,0.37
1755588602,2025-08-19 07:30,0.38
1755589203,2025-08-19 07:40,0.385
1755589806,2025-08-19 07:50,0.385
1755590414,2025-08-19 08:00,0.385
1755591006,2025-08-19 08:10,0.385
1755591603,2025-08-19 08:20,0.39
1755592205,2025-08-19 08:30,0.39
1755592803,2025-08-19 08:40,0.385
1755593411,2025-08-19 08:50,0.385
1755594006,2025-08-19 09:00,0.39
1755594606,2025-08-19 09:10,0.39
1755595211,2025-08-19 09:20,0.385
1755595815,2025-08-19 09:30,0.385
1755596402,2025-08-19 09:40,0.39
1755597014,2025-08-19 09:50,0.39
1755597615,2025-08-19 10:00,0.39
1755598207,2025-08-19 10:10,0.385
1755598803,2025-08-19 10:20,0.39
1755599415,2025-08-19 10:30,0.395
1755600009,2025-08-19 10:40,0.395
1755600607,2025-08-19 10:50,0.385
1755601207,2025-08-19 11:00,0.395
1755601806,2025-08-19 11:10,0.4
1755602403,2025-08-19 11:20,0.4
1755603009,2025-08-19 11:30,0.385
1755603602,2025-08-19 11:40,0.4
1755604204,2025-08-19 11:50,0.405
1755604817,2025-08-19 12:00,0.405
1755605404,2025-08-19 12:10,0.365
1755606008,2025-08-19 12:20,0.31
1755606610,2025-08-19 12:30,0.405
1755607206,2025-08-19 12:40,0.4
1755607802,2025-08-19 12:50,0.4
1755608415,2025-08-19 13:00,0.31
1755609003,2025-08-19 13:10,0.305
1755609603,2025-08-19 13:20,0.3
1755610206,2025-08-19 13:30,0.3
1755610811,2025-08-19 13:40,0.295
1755611402,2025-08-19 13:50,0.29
1755612005,2025-08-19 14:00,0.125
1755612604,2025-08-19 14:10,0.12
1755613206,2025-08-19 14:20,0.12
1755613810,2025-08-19 14:30,0.12
1755614411,2025-08-19 14:40,0.12
1755615007,2025-08-19 14:50,0.11
1755615603,2025-08-19 15:00,0.11
1755616211,2025-08-19 15:10,0.115
1755616802,2025-08-19 15:20,0.115
1755617402,2025-08-19 15:30,0.11
1755618003,2025-08-19 15:40,0.11
1755618603,2025-08-19 15:50,0.11
1755619213,2025-08-19 16:00,0.115
1755619812,2025-08-19 16:10,0.115
1755620408,2025-08-19 16:20,0.11
1755621003,2025-08-19 16:30,0.11
1755621608,2025-08-19 16:40,0.115
1755622203,2025-08-19 16:50,0.115
1755622805,2025-08-19 17:00,0.11
1755623410,2025-08-19 17:10,0.11
1755624007,2025-08-19 17:20,0.115
1755624613,2025-08-19 17:30,0.115
1755625211,2025-08-19 17:40,0.11
1755625811,2025-08-19 17:50,0.11
1755626417,2025-08-19 18:00,0.115
1755627002,2025-08-19 18:10,0.115
1755627615,2025-08-19 18:20,0.11
1755628217,2025-08-19 18:30,0.11
1755628808,2025-08-19 18:40,0.11
1755629406,2025-08-19 18:50,0.115
1755630017,2025-08-19 19:00,0.11
1755630603,2025-08-19 19:10,0.11
1755631211,2025-08-19 19:20,0.11
1755631802,2025-08-19 19:30,0.115
1755632407,2025-08-19 19:40,0.11
1755633008,2025-08-19 19:50,0.105
1755633608,2025-08-19 20:00,0.0375
1755634203,2025-08-19 20:10,0.0245
1755634804,2025-08-19 20:20,0.0235
1755635409,2025-08-19 20:30,0.0215
1755636006,2025-08-19 20:40,0.017
1755636608,2025-08-19 20:50,0.01
1755637214,2025-08-19 21:00,0.0045
1755637814,2025-08-19 21:10,0.0045
1755638403,2025-08-19 21:20,0.0035
1755639009,2025-08-19 21:30,0.0035
1755639602,2025-08-19 21:40,0.0005
