slug,sponsor,drug,indication,application_type,pdufa_date,pdufa_matches_market_date,review_type,designations,prior_crl,crl_date,crl_reason_class,manufacturing_inspection_required,inspection_location,adcom_scheduled,risk_category,outcome,outcome_date,outcome_reason,eventually_approved,eventually_approved_date,source_url,enrichment_notes
fda-approves-astrazenecas-camizestrant,AstraZeneca,Camizestrant (AZD9833),"1L HR+/HER2- advanced breast cancer with emergent ESR1 mutation, + CDK4/6 inhibitor",NDA,2026-04-30,yes,standard,Breakthrough,no,n/a,n/a,unknown,unknown,2026-04-30,Timeline bet,Delay,2026-05-27,Resolved No via PDUFA extension: ODAC voted 6-3 against benefit-risk on 2026-04-30; FDA extended the decision date (disclosed 2026-05-27). No approval by market date.,pending,pending,https://www.astrazeneca.com/media-centre/press-releases/2026/us-fda-decision-date-camizestrant-extended.html; https://www.cancernetwork.com/view/fda-odac-no-camizestrant-for-hr-her2-esr1-advanced-breast-cancer,"NDA accepted Jul 2025 on SERENA-6; Breakthrough granted May 2025. ODAC 6-3 against 2026-04-30; FDA extension 2026-05-27. Delay, not a CRL."
fda-approves-astrazenecas-truqap-capivasertib,AstraZeneca,"Truqap (capivasertib, AZD5363)",Market framed as breast cancer sNDA; concurrent FDA action was capivasertib+abiraterone for PTEN-deficient mHSPC (CAPItello-281),sNDA,unknown,no,standard,none,no,n/a,n/a,unknown,unknown,2026-04-30,Timeline bet,Delay,2026-04-30,"Resolved No: no FDA approval of a Truqap label expansion by 2026-04-30. The 2026-04-30 ODAC (mHSPC) voted 7-1 favorable but is only advisory, not an approval.",pending,pending,https://www.fda.gov/advisory-committees/advisory-committee-calendar/april-30-2026-meeting-oncologic-drugs-advisory-committee-meeting-announcement-04302026; https://www.astrazeneca.com/media-centre/press-releases/2026/fda-odac-recommends-truqap-prostate-cancer.html,"INDICATION DISCREPANCY: market labels breast cancer sNDA, but only capivasertib FDA event near 2026-04-30 was the mHSPC ODAC (CAPItello-281), 7-1 favorable. No approval by market date; No is correct."
fda-approves-daiichi-sankyo-astrazenecas-enhertu,Daiichi Sankyo / AstraZeneca,"Enhertu (fam-trastuzumab deruxtecan-nxki, T-DXd)",HER2+ early breast cancer: neoadjuvant and adjuvant,sBLA,2026-05-15,no,priority,Priority Review Voucher,no,n/a,n/a,unknown,unknown,no,Oncology sNDA,Approved,2026-05-15,"Resolved Yes: FDA approved Enhertu for HER2+ early breast cancer (neoadjuvant + adjuvant) on 2026-05-15, ahead of the 2026-05-18 market date.",yes,2026-05-15,https://www.astrazeneca.com/media-centre/press-releases/2026/enhertu-approved-in-two-her2-early-bc-settings.html; https://www.drugs.com/history/enhertu.html,Based on DESTINY-Breast11 (neoadjuvant) and DESTINY-Breast05 (adjuvant). Approval ~3 days before market date.
fda-approves-sanofis-sarclisa,Sanofi,"Sarclisa subcutaneous (isatuximab-irfc), on-body injector",Multiple myeloma (SC formulation across approved IV indications),BLA,2026-07-23,no,standard,none,no,n/a,n/a,unknown,unknown,no,Timeline bet,Delay,2026-04-22,Resolved No via PDUFA extension: on 2026-04-22 Sanofi disclosed FDA extended the action date up to 3 months from ~2026-04-27 to 2026-07-23.,pending,pending,https://www.sanofi.com/en/media-room/press-releases/2026/2026-04-22-05-00-00-3278646; https://www.onclive.com/view/fda-extends-review-period-for-subcutaneous-isatuximab-bla-in-multiple-myeloma,"Original target ~2026-04-27; extended to 2026-07-23 (announced 2026-04-22). Delay, not a CRL. Based on Ph3 IRAKLIA. First anticancer via on-body injector."
fda-approves-merck-welireg-keytruda-or-keytruda-qlex-06-19-2026,Merck,Welireg (belzutifan) + Keytruda (pembrolizumab) / Keytruda Qlex,Adjuvant clear cell renal cell carcinoma (ccRCC) post-nephrectomy,sNDA,2026-06-19,yes,priority,none,no,n/a,n/a,unknown,unknown,no,Oncology sNDA,pending,pending,"Open market; PDUFA 2026-06-19 (matches market), based on Ph3 LITESPARK-022.",pending,pending,https://www.merck.com/news/keytruda-pembrolizumab-plus-welireg-belzutifan-given-as-adjuvant-therapy-reduced-the-risk-of-disease-recurrence-or-death-by-28-compared-to-keytruda-monotherapy-in-certain-patients-with/; https://www.urologytimes.com/view/fda-grants-priority-review-to-adjuvant-belzutifan-plus-pembrolizumab-for-ccrcc,"Combined Welireg sNDA + Keytruda sBLAs, shared PDUFA 2026-06-19. LITESPARK-022 at ASCO GU 2026."
fda-approves-arvinas-vepdegestrant-06-05-2026,Arvinas / Pfizer,"Vepdegestrant (ARV-471, VEPPANU); PROTAC SERD","ER+/HER2-, ESR1-mutated advanced/metastatic breast cancer after >=1 prior endocrine therapy",NDA,2026-06-05,yes,priority,Fast Track,no,n/a,n/a,unknown,unknown,no,Oncology sNDA,Approved,2026-05-01,"Resolved Yes: FDA approved VEPPANU on 2026-05-01, ahead of the 2026-06-05 PDUFA/market date; first-ever PROTAC degrader approval.",yes,2026-05-01,https://ir.arvinas.com/news-releases/news-release-details/arvinas-announces-fda-approval-veppanu-vepdegestrant-treatment; https://www.sec.gov/Archives/edgar/data/0001655759/000162828026029210/fdaapprovalpressrelease_.htm,First FDA-approved PROTAC protein degrader. Based on Ph3 VERITAC-2. Approved ~5 weeks early.
fda-approves-sanofis-dupixent,Sanofi; Regeneron,Dupixent (dupilumab),Chronic spontaneous urticaria (CSU) in children 2-11 yrs,sBLA,2026-04-22,no,standard,none,no,n/a,n/a,no,n/a,no,Clean desk review,Approved,2026-04-22,"FDA approved Dupixent as first biologic for young children (2-11) with uncontrolled CSU (LIBERTY-CUPID), ahead of the 2026-04-27 market date.",yes,2026-04-22,https://investor.regeneron.com/news-releases/news-release-details/dupixentr-dupilumab-approved-us-first-new-targeted-therapy-over; https://www.sanofi.com/en/media-room/press-releases/2026/2026-04-22-21-30-00-3279472,Pediatric (2-11) CSU extension; approved 5 days early.
fda-approves-sanofis-tzield,Sanofi,Tzield (teplizumab-mzwv),Delay onset of stage 3 type 1 diabetes in children as young as 1 yr (age expansion),sBLA,2026-04-29,yes,priority,none,no,n/a,n/a,no,n/a,no,Clean desk review,Approved,2026-04-22,"FDA approved (priority) the age expansion of Tzield to children as young as 1 yr (PETITE-T1D), ahead of the market date.",yes,2026-04-22,https://www.sanofi.com/en/media-room/press-releases/2026/2026-04-22-05-05-00-3278650; https://www.news.sanofi.us/2026-04-22-Sanofis-Tzield-approved-in-the-US-to-delay-the-onset-of-stage-3-type-1-diabetes-in-young-children,PDUFA 2026-04-29 (matches); approved early 2026-04-22.
fda-approves-sanofis-rilzabrutinib-for-immune-thrombocytopenia-by-august-31,Sanofi,Wayrilz (rilzabrutinib),Persistent or chronic immune thrombocytopenia (ITP) in adults,NDA,2025-08-29,yes,priority,Fast Track;Orphan,no,n/a,n/a,unknown,unknown,no,Clean desk review,Approved,2025-08-29,FDA approved Wayrilz as first BTK inhibitor for ITP (LUNA 3).,yes,2025-08-29,https://www.sanofi.com/en/media-room/press-releases/2025/2025-08-29-21-50-18-3141825; https://www.drugs.com/newdrugs/fda-approves-wayrilz-rilzabrutinib-immune-thrombocytopenia-6602.html,Approved 2025-08-29. Fast Track + Orphan; priority review.
fda-approves-regenerons-dupixent-for-bullous-pemphigoid,Regeneron; Sanofi,Dupixent (dupilumab),Bullous pemphigoid in adults,sBLA,2025-06-20,yes,priority,Orphan,no,n/a,n/a,no,n/a,no,Clean desk review,Approved,2025-06-20,FDA approved Dupixent as first targeted medicine for adults with bullous pemphigoid (ADEPT); 8th type-2 inflammation indication.,yes,2025-06-20,https://www.ajmc.com/view/fda-expands-dupilumab-approval-as-first-new-biologic-for-bullous-pemphigoid; https://www.drugs.com/news/fda-approves-dupixent-bullous-pemphigoid-125520.html,"Approved 2025-06-20, matching resolve-by. Priority review."
fda-approves-eylea-hd-by-august-31,Regeneron,EYLEA HD (aflibercept) Injection 8 mg,Macular edema after RVO + monthly dosing (expanded label sBLA),sBLA,2025-11-19,no,priority,none,no,n/a,n/a,yes,domestic,no,CMC/manufacturing refile,Delay,2025-08-20,Resolved No via DELAY: on 2025-08-20 FDA extended review to Q4 2025 (major amendment from third-party filler inspection at Catalent Indiana/Novo Nordisk Bloomington); approved later 2025-11-19.,yes,2025-11-19,https://www.globenewswire.com/news-release/2025/08/20/3136582/0/en/EYLEA-HD-aflibercept-Injection-8-mg-Applications-for-Expanded-U-S-Label-and-Prefilled-Syringe-Receive-FDA-Review-Period-Extension.html; https://newsroom.regeneron.com/news-releases/news-release-details/eylea-hdr-aflibercept-injection-8-mg-approved-fda-treatment,Delay (not CRL) on expanded-label sBLA due to domestic third-party filler inspection. Approved 2025-11-19. A separate prefilled-syringe sBLA got a CRL 2025-10-27 (different submission).
fda-approves-argenxs-vyvgart,argenx,Vyvgart / Vyvgart Hytrulo (efgartigimod),Generalized myasthenia gravis (gMG) expansion to all serotypes incl. AChR-Ab seronegative,sBLA,2026-05-10,yes,priority,none,no,n/a,n/a,no,n/a,no,Clean desk review,Approved,2026-05-08,"FDA approved (priority) the all-serotype gMG label expansion (ADAPT SERON), ahead of the 2026-05-10 market date.",yes,2026-05-08,https://www.globenewswire.com/news-release/2026/05/08/3291372/0/en/argenx-Announces-U-S-FDA-Approval-Expanding-VYVGART-and-VYVGART-Hytrulo-for-Use-in-All-Adult-Patients-Living-with-gMG.html; https://argenx.com/news/2026/press-release-3217457,PDUFA 2026-05-10 (matches); approved early 2026-05-08.
fda-approves-axsome-therapeutics-axs-05,Axsome Therapeutics,"AXS-05 (Auvelity, dextromethorphan HBr / bupropion HCl)",Agitation associated with Alzheimer's dementia,sNDA,2026-04-30,yes,priority,Breakthrough,no,n/a,n/a,unknown,unknown,no,Clean desk review,Approved,2026-04-30,FDA approved AXS-05/Auvelity for agitation in Alzheimer's dementia on the 2026-04-30 PDUFA/resolve-by date.,yes,2026-04-30,https://www.globenewswire.com/news-release/2026/04/30/3285345/33090/en/axsome-therapeutics-announces-fda-approval-of-auvelity-dextromethorphan-hbr-and-bupropion-hcl-for-the-treatment-of-agitation-associated-with-dementia-due-to-alzheimer-s-disease.html; https://www.patientcareonline.com/view/fda-grants-priority-review-to-axs-05-for-agitation-in-alzheimer-disease-sets-april-2026-pdufa-date,New indication (drug already approved for MDD). First non-antipsychotic for AD agitation. NOTE: this 2026-04-30 DXM-product approval is what triggered the 'psychedelic in 2026' thematic market to resolve YES on a technicality.
fda-approves-cingulates-ctx-1301,Cingulate Inc.,"CTx-1301 (dexmethylphenidate, Precision Timed Release)",Attention-deficit/hyperactivity disorder (ADHD),NDA,2026-05-31,yes,standard,none,no,n/a,n/a,yes,domestic,no,CMC/manufacturing refile,CRL,2026-06-02,"FDA issued a CRL citing CMC requests, with no clinical safety/efficacy concerns; not approved by the 2026-05-31 resolve-by date.",pending,pending,https://www.biospace.com/press-releases/cingulate-receives-complete-response-letter-from-fda-for-ctx-1301; https://www.cingulate.com/news-releases/news-release-details/cingulate-announces-successful-transfer-ctx-1301; https://www.hcplive.com/view/fda-crl-ctx-1301-daily-dexmethylphenidate-adhd,"CRL 2026-06-02, CMC-only; FDA noted no safety/efficacy concerns. Resubmission planned. NDA was first-cycle (no prior CRL); crl_reason_class of THIS CRL = CMC/manufacturing. Commercial CDMO is Societal CDMO (Gainesville, GA, USA) -> inspection_location domestic; CRL said only 'our manufacturing partner'."
fda-approves-tonix-pharmaceuticals-tnx-102-sl-for-fibromyalgia-by-august-31,Tonix Pharmaceuticals,"TNX-102 SL (cyclobenzaprine HCl sublingual, Tonmya)",Fibromyalgia in adults,NDA,2025-08-15,yes,standard,Fast Track,no,n/a,n/a,unknown,unknown,no,Clean desk review,Approved,2025-08-15,"FDA approved Tonmya for fibromyalgia 2025-08-15, first new fibromyalgia therapy in 15+ years.",yes,2025-08-15,https://www.globenewswire.com/news-release/2025/08/15/3134450/28908/en/Tonix-Pharmaceuticals-Announces-FDA-Approval-of-Tonmya-cyclobenzaprine-HCl-sublingual-tablets-for-the-Treatment-of-Fibromyalgia.html; https://www.drugs.com/history/tonmya.html,No prior CRL for the fibromyalgia program (earlier RALLY Ph3 failed at interim but a second pivotal RESILIENT succeeded; first-cycle approval). Fast Track.
fda-approves-pharmather-holdings-ketamine-by-august-31,PharmaTher Holdings,"Ketamine (KETARx, racemic ketamine)",Anesthesia/sedation; surgical pain management (ketamine injection),ANDA,2025-08-08,yes,priority,none,yes,2024-10-22,CMC/manufacturing,yes,domestic,no,CMC/manufacturing refile,Approved,2025-08-08,"FDA approved KETARx (Priority ANDA, racemic ketamine) on 2025-08-08 (announced 08-11) on its third cycle, ahead of resolve-by.",yes,2025-08-08,https://www.globenewswire.com/news-release/2025/08/11/3130994/0/en/PharmaTher-Announces-FDA-Approval-of-Ketamine-KETARx.html; https://www.pharmather.com/news/pharmather-receives-complete-response-letter-from-the-us-food-and-drug-administration-for-ketamine-abbreviated-new-drug-application; https://www.alcami.com/news/pharmather-engages-alcami-for-clinical-and-commercial-manufacturing-of-novel-ketamine-products/,"CORRECTED: KETARx is an ANDA (generic racemic ketamine), NOT a 505(b)(2) — PharmaTher's filings call it a 'Priority Original ANDA' (GDUFA goal date 2024-10-29). Approved on its THIRD cycle after two CRLs (2024-04-18 and 2024-10-22); the 2024-10-22 CRL cited MINOR CMC deficiencies (drug substance, drug product, manufacturing, microbiology). crl_date = the later, decisive CRL. CDMO is Alcami Corp (Charleston, SC, USA) -> inspection_location domestic; CRL did not itself name the site."
fda-approves-mannkinds-afrezza,MannKind Corporation,Afrezza (insulin human inhalation powder),Mealtime insulin in pediatric/adolescent patients aged 6+,sBLA,2026-05-29,yes,standard,none,no,n/a,n/a,unknown,unknown,no,Clean desk review,Approved,2026-05-29,FDA approved the Afrezza pediatric sBLA (ages 6+) on the 2026-05-29 PDUFA/resolve-by date (INHALE-1).,yes,2026-05-29,https://www.globenewswire.com/news-release/2026/05/29/3303734/29517/en/mannkind-announces-fda-approval-of-afrezza-the-first-and-only-inhaled-mealtime-insulin-for-use-in-children-and-adolescents-aged-6-and-older-living-with-diabetes.html; https://www.contemporarypediatrics.com/view/fda-approves-inhaled-insulin-afrezza-for-children-and-adolescents-with-diabetes,Pediatric (6+) expansion; satisfies last postmarketing requirement.
fda-approves-a-psychedelic-for-medical-use-in-2026,(thematic market),(multiple/criteria-based),n/a,n/a,n/a,n/a,n/a,n/a,n/a,n/a,n/a,n/a,n/a,no,Timeline bet,Approved,2026-04-30,Resolved YES on a technicality: FDA approved Auvelity (DXM-bupropion) for a new indication on 2026-04-30; DXM is on the market's qualifying-substance list.,yes,2026-04-30,https://polymarket.com/event/fda-approves-a-psychedelic-for-medical-use-in-2026; https://www.globenewswire.com/news-release/2026/04/30/3285345/33090/en/axsome-therapeutics-announces-fda-approval-of-auvelity-dextromethorphan-hbr-and-bupropion-hcl-for-the-treatment-of-agitation-associated-with-dementia-due-to-alzheimer-s-disease.html,"EXCLUDE FROM DRUG-BY-DRUG BASE RATE. Thematic market. Resolution rules list qualifying psychedelics incl. DXM; counts new-indication sNDA approvals of marketed drugs. Auvelity (DXM combo) new indication 2026-04-30 satisfied the literal criteria, resolving YES ~8 months early. Definitional/technicality resolution, not approval of a classic serotonergic psychedelic."
fda-approves-capricor-therapeutics-cap-1002-for-duchenne-muscular-dystrophy-by-august-31,Capricor Therapeutics,Deramiocel (CAP-1002),Duchenne muscular dystrophy (cardiomyopathy),BLA,2025-08-31,yes,standard,Orphan;RMAT,yes,2025-07-09,clinical/efficacy,unknown,unknown,no,CMC/manufacturing refile,CRL,2025-07-09,FDA issued a CRL citing need for additional efficacy data plus CMC clarifications; resolved No before Aug 31.,pending,pending,https://www.capricor.com/investors/news-events/press-releases/detail/319/capricor-therapeutics-provides-regulatory-update-on; https://www.capricor.com/investors/news-events/press-releases/detail/338/capricor-therapeutics-announces-establishment-of-new-pdufa; https://www.neurologylive.com/view/fda-hands-capricor-complete-response-letter-deramiocel-dmd-cardiomyopathy-treatment,"CRL 2025-07-09, primarily efficacy with CMC clarifications. HOPE-3 data submitted; new PDUFA 2026-08-22."
fda-approves-dordaviprone,Chimerix (acquired by Jazz Pharmaceuticals Apr 2025),"Dordaviprone (Modeyso, ONC201)",Recurrent H3 K27M-mutant diffuse midline glioma,NDA,2025-08-18,yes,priority,Breakthrough;Fast Track;Orphan;Priority Review Voucher;Accelerated Approval,no,n/a,n/a,unknown,unknown,no,Clean desk review,Approved,2025-08-06,"FDA granted accelerated approval 2025-08-06, ahead of the Aug 18 PDUFA; first systemic therapy for H3 K27M-mutant diffuse midline glioma.",yes,2025-08-06,https://www.fda.gov/drugs/resources-information-approved-drugs/fda-grants-accelerated-approval-dordaviprone-diffuse-midline-glioma; https://investor.jazzpharma.com/news-releases/news-release-details/jazz-pharmaceuticals-announces-us-fda-approval-modeysotm,Accelerated approval ~12 days early. Rare Pediatric Disease PRV requested.
fda-approves-ptc-therapeutics-vatiquinone-for-friedreichs-ataxia-by-august-31,PTC Therapeutics,Vatiquinone,Friedreich's ataxia,NDA,2025-08-19,no,standard,Orphan;Fast Track,yes,2025-08-19,clinical/efficacy,unknown,unknown,no,Timeline bet,CRL,2025-08-19,FDA issued a CRL 2025-08-19 stating substantial evidence of efficacy not demonstrated; additional well-controlled study needed.,pending,pending,https://ir.ptcbio.com/news-releases/news-release-details/ptc-therapeutics-receives-complete-response-letter-vatiquinone; https://www.prnewswire.com/news-releases/ptc-therapeutics-receives-complete-response-letter-for-vatiquinone-nda-302533332.html,Pure efficacy CRL (MOVE-FA missed primary endpoint). CRL date = the PDUFA action date. (prior_crl flags THIS cycle's CRL.)
fda-approves-ux111,Ultragenyx Pharmaceutical,"UX111 (ABO-102, AAV9 gene therapy)",Sanfilippo syndrome type A (MPS IIIA),BLA,2025-08-18,yes,priority,Breakthrough;Fast Track;Orphan;RMAT;Priority Review Voucher,yes,2025-07-11,CMC/manufacturing,yes,domestic,no,CMC/manufacturing refile,CRL,2025-07-11,FDA issued a CRL 2025-07-11 citing CMC observations and manufacturing-facility inspection findings; clinical/biomarker data deemed robust.,pending,pending,https://ir.ultragenyx.com/news-releases/news-release-details/ultragenyx-receives-complete-response-letter-fda-ux111-aav-gene; https://www.globenewswire.com/news-release/2025/07/11/3114278/20739/en/Ultragenyx-Receives-Complete-Response-Letter-from-FDA-for-UX111-AAV-Gene-Therapy-to-Treat-Sanfilippo-Syndrome-Type-A-MPS-IIIA.html,"CRL 2025-07-11 (before Aug 18 PDUFA), purely CMC/manufacturing; robust clinical data. Resubmitted Jan 2026; new PDUFA 2026-09-19. Manufacturing is US-only (Ultragenyx, Bedford MA + Andelyn Biosciences, Columbus OH) -> inspection_location domestic; CRL did not publicly single out which site held the observations."
fda-approves-precigens-prgn-2012-for-recurrent-respiratory-papillomatosis-by-august-31,Precigen,PRGN-2012 / Papzimeos (zopapogene imadenovec-drba),Recurrent respiratory papillomatosis (adults),BLA,2025-08-27,yes,priority,Breakthrough;Orphan;Accelerated Approval;Priority Review Voucher,no,n/a,n/a,unknown,unknown,no,Clean desk review,Approved,2025-08-14,"FDA granted full approval mid-Aug 2025, ahead of Aug 27 PDUFA; first immunotherapy for adult RRP.",yes,2025-08-14,https://www.fda.gov/news-events/press-announcements/fda-approves-first-immunotherapy-recurrent-respiratory-papillomatosis; https://investors.precigen.com/news-releases/news-release-details/precigen-announces-full-fda-approval-papzimeos-zopapogene,Full (not accelerated) approval ahead of PDUFA; outcome_date approximate (mid-Aug 2025).
fda-approves-grace-therapeutics-gtx-104,Grace Therapeutics,GTx-104 (IV nimodipine),Aneurysmal subarachnoid hemorrhage (aSAH),505(b)(2),2026-04-23,yes,standard,none,no,n/a,n/a,yes,unknown,no,CMC/manufacturing refile,CRL,2026-04-23,"FDA issued a CRL 2026-04-23 citing CMC (packaging leachables, CMO manufacturing deficiencies) and nonclinical (tox risk assessments); no additional clinical data requested.",pending,pending,https://www.globenewswire.com/news-release/2026/04/23/3280288/0/en/Grace-Therapeutics-Provides-Regulatory-Update-on-New-Drug-Application-for-GTx-104.html; https://www.biospace.com/press-releases/grace-therapeutics-provides-regulatory-update-on-new-drug-application-for-gtx-104,CRL on the resolve-by date itself. Market sat ~71% Yes 1 day out then resolved No = the flagship blindside/surprise. crl_reason_class CMC dominant; nonclinical also cited. (prior_crl flags THIS cycle's CRL; it was the first cycle.)
fda-approves-gileads-lenacapavir-for-treating-hiv-human-immunodeficiency-virus,Gilead Sciences,lenacapavir (Yeztugo),"HIV-1 pre-exposure prophylaxis (PrEP), adults and adolescents >=35 kg",NDA,2025-06-19,yes,priority,Breakthrough,no,n/a,n/a,unknown,unknown,no,Clean desk review,Approved,2025-06-18,"FDA approved Yeztugo 2025-06-18, first twice-yearly injectable HIV PrEP, one day before resolve-by.",yes,2025-06-18,https://www.gilead.com/news/news-details/2025/yeztugo-lenacapavir-is-now-the-first-and-only-fda-approved-hiv-prevention-option-offering-6-months-of-protection,PURPOSE 1/2 Ph3; capsid inhibitor.
fda-approves-mercks-clesrovimab-infant-rsv-prevention-mk1654,Merck,"clesrovimab-cfor (Enflonsia, MK-1654)",Prevention of RSV LRTD in infants in first RSV season,BLA,2025-06-17,yes,standard,none,no,n/a,n/a,unknown,unknown,no,Clean desk review,Approved,2025-06-09,"FDA approved Enflonsia (long-acting RSV mAb) 2025-06-09, ahead of resolve-by.",yes,2025-06-09,https://www.merck.com/news/u-s-fda-approves-mercks-enflonsia-clesrovimab-cfor-for-prevention-of-respiratory-syncytial-virus-rsv-lower-respiratory-tract-disease-in-infants/; https://www.cdc.gov/mmwr/volumes/74/wr/mm7432a3.htm,Fixed 105-mg dose; CLEVER Ph2b/3.
fda-approves-mercks-doravirineislatravir,Merck,doravirine/islatravir (Idvynso),HIV-1 in virologically suppressed adults switching regimen,NDA,2026-04-28,yes,standard,none,no,n/a,n/a,unknown,unknown,no,Clean desk review,Approved,2026-04-21,"FDA approved Idvynso 2026-04-21, ahead of the 2026-04-28 PDUFA/resolve-by.",yes,2026-04-21,https://www.merck.com/news/u-s-fda-accepts-new-drug-application-for-mercks-doravirine-islatravir-an-investigational-once-daily-oral-two-drug-regimen-for-treatment-of-adults-with-virologically-suppressed-hiv-1-infe/; https://www.eatg.org/hiv-news/press-release-fda-approves-mercks-once-daily-idvynso-doravirine-islatravir/,Islatravir had clinical HOLDS in 2021 (resolved via lower dose) but the NDA itself had no CRL; first-cycle approval.
fda-approves-gsk-spero-therapeutics-tebipenem-hbr-06-18-2026,GSK / Spero Therapeutics,tebipenem pivoxil hydrobromide (tebipenem HBr),Complicated UTI incl. acute pyelonephritis,NDA,2026-06-18,yes,unknown,QIDP;Fast Track,yes,2022-06-30,clinical/efficacy,unknown,unknown,no,Timeline bet,pending,pending,Resubmitted NDA under review; PDUFA 2026-06-18; no decision as of 2026-06-09.,pending,pending,https://www.gsk.com/en-gb/media/press-releases/positive-pivot-po-phase-iii-data-show-tebipenem-hbr-s-potential-as-the-first-oral-carbapenem-antibiotic-for-patients-with-complicated-urinary-tract-infections-cutis/; https://www.globenewswire.com/news-release/2026/05/13/3294434/0/en/spero-therapeutics-announces-first-quarter-2026-operating-results-and-provides-business-update.html,"PRIOR CRL June 2022 (Spero), trial-participant classification in ADAPT-PO (clinical/efficacy). New PIVOT-PO Ph3 supports resubmission (Dec 2025). crl_date approximate."
fda-approves-donidalorsen-for-hereditary-angioedema-by-august-31,Ionis Pharmaceuticals,donidalorsen (Dawnzera),"Prophylaxis of hereditary angioedema (HAE) attacks, age 12+",NDA,2025-08-21,yes,standard,none,no,n/a,n/a,unknown,unknown,no,Clean desk review,Approved,2025-08-21,"FDA approved Dawnzera, first RNA-targeted prophylactic HAE therapy, on the 2025-08-21 PDUFA/resolve-by date.",yes,2025-08-21,https://ir.ionis.com/news-releases/news-release-details/dawnzeratm-donidalorsen-approved-us-first-and-only-rna-targeted; https://www.biopharmadive.com/news/ionis-donidalorsen-dawnzera-hereditary-angioedema-approval-fda/758195/,Antisense targeting prekallikrein; OASIS-HAE.
fda-approves-insmeds-brensocatib-for-bronchiectasis-by-august-31,Insmed,brensocatib (Brinsupri),"Non-cystic fibrosis bronchiectasis (NCFB), age 12+",NDA,2025-08-12,yes,priority,Breakthrough,no,n/a,n/a,unknown,unknown,no,Clean desk review,Approved,2025-08-12,"FDA approved Brinsupri, first treatment for non-CF bronchiectasis and first DPP1 inhibitor, on the 2025-08-12 PDUFA/resolve-by date.",yes,2025-08-12,"https://investor.insmed.com/2025-08-12-FDA-Approves-BRINSUPRI-TM-brensocatib-as-the-First-and-Only-Treatment-for-Non-Cystic-Fibrosis-Bronchiectasis,-a-Serious,-Chronic-Lung-Disease; https://www.fda.gov/drugs/drug-approvals-and-databases/drug-trials-snapshots-brinsupri",Breakthrough + Priority; Ph3 ASPEN (n>1700).
fda-approves-filspari-rems-modification-for-igan-by-august-31,Travere Therapeutics,FILSPARI (sparsentan),IgA nephropathy (REMS/label modification),sNDA,2025-08-28,no,standard,Orphan,no,n/a,n/a,no,n/a,no,Clean desk review,Approved,2025-08-27,"FDA approved a REMS/label modification (reduced LFT monitoring; removed embryo-fetal monitoring), ahead of the Aug 28 resolve-by.",yes,2025-08-27,https://ir.travere.com/press-releases/news-details/2025/Travere-Therapeutics-Announces-U-S--FDA-Approves-REMS-Modification-for-FILSPARI-sparsentan-in-IgA-Nephropathy/default.aspx; https://www.hcplive.com/view/fda-approves-rems-label-update-for-sparsentan-filspari-in-iga-nephropathy,REMS/labeling supplement to already-approved drug (not a new molecule). Clean supplement.
fda-approves-unicycives-oxylanthanum-carbonate-olc,Unicycive Therapeutics,Oxylanthanum carbonate (OLC),Hyperphosphatemia in CKD on dialysis,505(b)(2),2025-06-28,yes,standard,none,no,n/a,n/a,yes,foreign,no,CMC/manufacturing refile,CRL,2025-06-30,FDA issued a CRL citing a single deficiency tied to a third-party manufacturing vendor's compliance status; no clinical/safety/nonclinical concerns.,pending,pending,https://www.hcplive.com/view/fda-issues-crl-oxylanthanum-carbonate-hyperphosphatemia-ckd-dialysis; https://ir.unicycive.com/news/detail/118/update---unicycive-therapeutics-announces-fda-acceptance-of,"CRL 2025-06-30 (this was the first FDA action, so prior_crl=no for THIS cycle). Sole deficiency = CMC/third-party vendor. Resubmitted Dec 2025; new PDUFA 2026-06-29 (see open refile market)."
fda-approves-telix-pharmaceuticals-tlx250-cdx-for-kidney-cancer-imaging-by-august-31,Telix Pharmaceuticals,"TLX250-CDx (Zircaix, 89Zr-DFO-girentuximab)",PET imaging of clear cell renal cell carcinoma,BLA,2025-08-27,yes,priority,none,no,n/a,n/a,yes,foreign,no,CMC/manufacturing refile,CRL,2025-08-28,FDA issued a CRL citing CMC deficiencies (comparability of Ph3 vs commercial-scale product; Form 483 observations at two third-party partners).,pending,pending,https://www.sec.gov/Archives/edgar/data/0002007191/000200719125000065/zircprcrl.htm; https://www.urologytimes.com/view/fda-issues-complete-response-letter-for-89zr-dfo-girentuximab-in-ccrcc,"CRL 2025-08-28, purely CMC. Priority review granted (designations set conservatively to none). First FDA action (prior_crl=no for this cycle)."
fda-approves-outlook-therapeutics-ons-5010-for-wet-amd-by-august-31,Outlook Therapeutics,ONS-5010 / LYTENAVA (bevacizumab-vikg),Wet (neovascular) age-related macular degeneration,BLA,2025-08-27,yes,standard,none,yes,2023-08-29,CMC/manufacturing,yes,domestic,no,CMC/manufacturing refile,CRL,2025-08-28,"FDA issued a CRL on the resubmitted BLA, declining approval of ONS-5010 for wet AMD in present form.",pending,pending,https://ir.outlooktherapeutics.com/news-releases/news-release-details/outlook-therapeutics-provides-regulatory-update-us-food-and-0; https://www.sec.gov/Archives/edgar/data/0001649989/000110465923096669/tm2325118d1_ex99-1.htm; https://www.globenewswire.com/news-release/2026/06/01/3304397/0/en/outlook-therapeutics-announces-resubmission-of-biologics-license-application-to-u-s-fda-for-ons-5010-lytenava-bevacizumab-vikg.html,"Multiple CRLs (Aug 2023 CMC; Aug 2025; then 2025-12-31). Fully domestic US supply chain (drug substance at Outlook/Oncobiologics, Cranbury NJ) -> inspection_location domestic. Approved in EU/UK. Note the 2025-12-31 CRL was reportedly efficacy-based, not CMC. eventually_approved updated no->pending: Outlook RESUBMITTED the BLA 2026-06-01, so a decision is again pending. crl_date approximate."
fda-approves-lenz-therapeutics-lnz100-for-presbyopia-by-august-31,LENZ Therapeutics,LNZ100 / VIZZ (aceclidine ophthalmic solution 1.44%),Presbyopia in adults,NDA,2025-08-08,yes,standard,none,no,n/a,n/a,unknown,unknown,no,Clean desk review,Approved,2025-07-31,FDA approved VIZZ (aceclidine 1.44%) for presbyopia ~1 week ahead of the Aug 8 PDUFA; first aceclidine-based eye drop.,yes,2025-07-31,https://ir.lenz-tx.com/news-events/press-releases/detail/39/lenz-therapeutics-announces-us-fda-approval-of-vizz-for-the-treatment-of-presbyopia; https://www.pharmacytimes.com/view/vizz-becomes-first-only-fda-approved-aceclidine-based-eye-drop-for-presbyopia,Clean first-cycle approval; CLARITY 1/2 met endpoints.
fda-approves-leqembi-auto-injection-for-early-alzheimers-by-august-31,Eisai / Biogen,LEQEMBI IQLIK (lecanemab-irmb) SC autoinjector,Maintenance dosing for early Alzheimer's disease,BLA,2025-08-31,yes,standard,Fast Track,no,n/a,n/a,unknown,unknown,no,Clean desk review,Approved,2025-08-29,"FDA approved the LEQEMBI IQLIK once-weekly SC autoinjector for maintenance dosing, ahead of the Aug 31 resolve-by.",yes,2025-08-29,https://www.eisai.com/news/2025/news202559.html; https://media-us.eisai.com/2025-08-29-FDA-Approves-LEQEMBI-R-IQLIK-TM-lecanemab-irmb-Subcutaneous-Injection-for-Maintenance-Dosing-for-the-Treatment-of-Early-Alzheimers-Disease,Maintenance-dosing SC autoinjector supplement; a separate SC starting-dose application was still under review into 2026 (do not conflate).
fda-approves-kiniksa-regeneron-arcalyst-06-19-2026,Kiniksa Pharmaceuticals (Regeneron originator),Arcalyst (rilonacept),No new indication; manufacturing technology-transfer supplement (recurrent pericarditis/CAPS/DIRA),sBLA,2026-06-19,yes,standard,none,no,n/a,n/a,yes,foreign,no,CMC/manufacturing refile,pending,pending,PDUFA 2026-06-19 after today (2026-06-09); no FDA action yet.,pending,pending,https://investors.kiniksa.com/node/12651/pdf; https://www.stocktitan.net/sec-filings/KNSA/10-q-kiniksa-pharmaceuticals-international-plc-quarterly-earnings-rep-c506fc494ddd.html,sBLA to transfer drug-substance manufacturing to Samsung Biologics (South Korea = foreign inspection). Pure CMC-comparability bet; no clinical/indication change.
fda-approves-arcutis-zoryve-cream-06-29-2026,Arcutis Biotherapeutics,Zoryve (roflumilast) cream 0.3%,Plaque psoriasis in children ages 2-5 (pediatric expansion),sNDA,2026-06-29,yes,standard,none,no,n/a,n/a,no,n/a,no,Clean desk review,pending,pending,PDUFA 2026-06-29 after today; no FDA action yet.,pending,pending,https://www.globenewswire.com/news-release/2025/11/17/3189050/0/en/FDA-Accepts-Supplemental-New-Drug-Application-for-Arcutis-ZORYVE-roflumilast-Cream-0-3-for-the-Treatment-of-Plaque-Psoriasis-in-Children-Ages-2-to-5.html; https://www.arcutis.com/fda-accepts-supplemental-new-drug-application-for-arcutis-zoryve-roflumilast-cream-0-3-for-the-treatment-of-plaque-psoriasis-in-children-ages-2-to-5/,Age expansion (2-5) of already-approved cream; low-risk label expansion.
fda-approves-camurus-oclaiz-06-10-2026,Camurus AB,"Oclaiz (octreotide SC depot, CAM2029)",Acromegaly,NDA,2026-06-10,yes,standard,none,yes,2024-10-22,CMC/manufacturing,yes,foreign,no,CMC/manufacturing refile,pending,pending,PDUFA 2026-06-10 (one day after today); no FDA action yet.,pending,pending,https://www.camurus.com/media/press-releases/2026/camurus-announces-fda-acceptance-of-nda-resubmission-for-oclaiz-for-the-treatment-of-acromegaly/; https://www.camurus.com/media/press-releases/2024/camurus-provides-regulatory-update-on-the-us-nda-for-cam2029-in-acromegaly/,Original NDA CRL 2024-10-22 tied SOLELY to cGMP inspection deficiencies at a foreign third-party manufacturer. Resubmitted Dec 2025; PDUFA 2026-06-10. Classic CMC refile.
fda-approves-daraxonrasib-this-year,Revolution Medicines,Daraxonrasib (RMC-6236),Previously treated metastatic RAS-mutant pancreatic cancer (PDAC),NDA,unknown,unknown,priority,Breakthrough;Orphan;Priority Review Voucher,no,n/a,n/a,unknown,unknown,no,Timeline bet,pending,pending,NDA submission anticipated ~late May 2026; no PDUFA publicly assigned; 2026 approval is a timeline bet on the National Priority Voucher pilot.,pending,pending,https://ir.revmed.com/news-releases/news-release-details/revolution-medicines-statement-fda-expanded-access-authorization; https://www.geneonline.com/revolution-medicines-ships-daraxonrasib-fda-submission-anticipated-by-may-30-2026/,Ph3 RASolute 302 hit OS. Breakthrough + Orphan; National Priority Voucher (Oct 2025) for compressed ~1-2 mo review. No PDUFA confirmed yet.
fda-approves-ionis-olezarsen-06-30-2026,Ionis Pharmaceuticals,Tryngolza (olezarsen),Severe hypertriglyceridemia (sHTG; TG>=500 mg/dL),sNDA,2026-06-30,yes,priority,none,no,n/a,n/a,no,n/a,no,Clean desk review,pending,pending,PDUFA 2026-06-30 after today; no FDA action yet.,pending,pending,https://ir.ionis.com/news-releases/news-release-details/olezarsen-snda-accepted-fda-priority-review-treatment-severe; https://www.businesswire.com/news/home/20260226109569/en/Olezarsen-sNDA-accepted-by-the-FDA-for-the-treatment-of-severe-hypertriglyceridemia-sHTG,"Expansion of already-approved Tryngolza (apoC-III antisense, approved for FCS) to sHTG; Ph3 CORE/CORE2. Priority review; label expansion = clean review."
fda-approves-retatrutide-this-year,Eli Lilly,"Retatrutide (LY3437943, GGG triple agonist)",Chronic weight management / obesity,NDA,n/a,no,unknown,none,no,n/a,n/a,unknown,unknown,no,Timeline bet,pending,pending,"No NDA filed as of June 2026; submission guided Q4 2026, so approval by 2026-12-31 is effectively impossible.",pending,pending,https://www.sec.gov/Archives/edgar/data/0000059478/000005947826000043/q126lillysalesandearningsp.htm; https://www.retaweightloss.com/article/when-will-retatrutide-be-fda-approved-2026-timeline-update,No NDA filed; Ph3 TRIUMPH-1 data 2026-05-21. Filing guided Q4 2026; approval not before late 2027. Market structurally a 'No' for 2026.
fda-approves-unicycive-oxylanthanum-carbonate-06-29-2026,Unicycive Therapeutics,oxylanthanum carbonate (OLC),Hyperphosphatemia in CKD on dialysis,505(b)(2),2026-06-29,yes,standard,none,yes,2025-06-30,CMC/manufacturing,yes,unknown,no,CMC/manufacturing refile,pending,pending,No FDA action as of 2026-06-09; PDUFA 2026-06-29.,pending,pending,https://ir.unicycive.com/news/detail/118/update---unicycive-therapeutics-announces-fda-acceptance-of; https://ir.unicycive.com/news/detail/104/unicycive-therapeutics-announces-receipt-of-complete; https://ir.unicycive.com/news/detail/111/unicycive-therapeutics-provides-update-from-fda-type-a,REFILE of the OLC NDA after the single-deficiency CMC CRL dated 2025-06-30 (third-party vendor compliance). Resubmitted Dec 2025; accepted 2026-01-29 as Class II; PDUFA 2026-06-29. Backup manufacturer with clean inspection history qualified. Some outlets reported 06-27.
fda-approves-viridian-therapeutics-veligrotug-06-30-2026,Viridian Therapeutics,veligrotug (VRDN-001),Thyroid eye disease (TED),BLA,2026-06-30,yes,priority,Breakthrough,no,n/a,n/a,unknown,unknown,no,Clean desk review,pending,pending,No FDA action as of 2026-06-09; PDUFA 2026-06-30.,pending,pending,https://investors.viridiantherapeutics.com/news/news-details/2025/Viridian-Therapeutics-Announces-BLA-Acceptance-and-Priority-Review-for-Veligrotug-for-the-Treatment-of-Thyroid-Eye-Disease/default.aspx; https://www.businesswire.com/news/home/20251222159703/en/Viridian-Therapeutics-Announces-BLA-Acceptance-and-Priority-Review-for-Veligrotug-for-the-Treatment-of-Thyroid-Eye-Disease,"Original BLA, no prior CRL. Accepted 2025-12-22 priority review; Breakthrough (May 2025). Ph3 THRIVE/THRIVE-2."
